"samples_per_group","local","test","loci","n_loci","median_df_paper","alpha","false_positives","rate","rate_over_alpha"
2,"none","t_df_paper","all",51730,2,0.05,56,0.00108254397834912,0.0216508795669824
2,"none","t_df_paper","all",51730,2,0.01,0,0,0
2,"none","t_df_paper","all",51730,2,0.001,0,0,0
2,"none","t_df_paper","meth_10_90",38024,2,0.05,54,0.00142015569114244,0.0284031138228487
2,"none","t_df_paper","meth_10_90",38024,2,0.01,0,0,0
2,"none","t_df_paper","meth_10_90",38024,2,0.001,0,0,0
2,"none","t_df_paper","overdispersed",19891,2,0.05,56,0.00281534362274395,0.0563068724548791
2,"none","t_df_paper","overdispersed",19891,2,0.01,0,0,0
2,"none","t_df_paper","overdispersed",19891,2,0.001,0,0,0
2,"none","t_df_code","all",51730,2,0.05,835,0.0161415039628842,0.322830079257684
2,"none","t_df_code","all",51730,2,0.01,35,0.0006765899864682,0.06765899864682
2,"none","t_df_code","all",51730,2,0.001,0,0,0
2,"none","t_df_code","meth_10_90",38024,2,0.05,802,0.0210919419314117,0.421838838628235
2,"none","t_df_code","meth_10_90",38024,2,0.01,35,0.000920471281296024,0.0920471281296023
2,"none","t_df_code","meth_10_90",38024,2,0.001,0,0,0
2,"none","t_df_code","overdispersed",19891,2,0.05,661,0.0332311095470313,0.664622190940626
2,"none","t_df_code","overdispersed",19891,2,0.01,35,0.00175958976421497,0.175958976421497
2,"none","t_df_code","overdispersed",19891,2,0.001,0,0,0
2,"none","chisq","all",51730,2,0.05,3781,0.0730910496810361,1.46182099362072
2,"none","chisq","all",51730,2,0.01,1199,0.0231780398221535,2.31780398221535
2,"none","chisq","all",51730,2,0.001,326,0.00630195244538952,6.30195244538952
2,"none","chisq","meth_10_90",38024,2,0.05,3407,0.0896013044393015,1.79202608878603
2,"none","chisq","meth_10_90",38024,2,0.01,1147,0.030165158847044,3.0165158847044
2,"none","chisq","meth_10_90",38024,2,0.001,315,0.00828424153166421,8.28424153166421
2,"none","chisq","overdispersed",19891,2,0.05,2314,0.116334020411241,2.32668040822483
2,"none","chisq","overdispersed",19891,2,0.01,888,0.044643306017797,4.4643306017797
2,"none","chisq","overdispersed",19891,2,0.001,307,0.0154341159318285,15.4341159318285
2,"disp","t_df_paper","all",51730,3.55525012641905,0.05,789,0.0152522714092403,0.305045428184806
2,"disp","t_df_paper","all",51730,3.55525012641905,0.01,90,0.0017398028223468,0.17398028223468
2,"disp","t_df_paper","all",51730,3.55525012641905,0.001,5,9.66557123526e-05,0.0966557123526
2,"disp","t_df_paper","meth_10_90",38024,3.55525012641905,0.05,745,0.0195928887018725,0.39185777403745
2,"disp","t_df_paper","meth_10_90",38024,3.55525012641905,0.01,88,0.00231432779297286,0.231432779297286
2,"disp","t_df_paper","meth_10_90",38024,3.55525012641905,0.001,5,0.000131495897328003,0.131495897328003
2,"disp","t_df_paper","overdispersed",19891,3.55525012641905,0.05,619,0.0311196018299734,0.622392036599467
2,"disp","t_df_paper","overdispersed",19891,3.55525012641905,0.01,85,0.00427328942737922,0.427328942737922
2,"disp","t_df_paper","overdispersed",19891,3.55525012641905,0.001,5,0.000251369966316425,0.251369966316425
2,"disp","t_df_code","all",51730,3.55525012641905,0.05,1522,0.0294219988401315,0.588439976802629
2,"disp","t_df_code","all",51730,3.55525012641905,0.01,179,0.00346027450222308,0.346027450222308
2,"disp","t_df_code","all",51730,3.55525012641905,0.001,6,0.00011598685482312,0.11598685482312
2,"disp","t_df_code","meth_10_90",38024,3.55525012641905,0.05,1428,0.0375552282768778,0.751104565537555
2,"disp","t_df_code","meth_10_90",38024,3.55525012641905,0.01,172,0.00452345886808332,0.452345886808332
2,"disp","t_df_code","meth_10_90",38024,3.55525012641905,0.001,6,0.000157795076793604,0.157795076793604
2,"disp","t_df_code","overdispersed",19891,3.55525012641905,0.05,1129,0.0567593383942487,1.13518676788497
2,"disp","t_df_code","overdispersed",19891,3.55525012641905,0.01,173,0.00869740083454829,0.869740083454829
2,"disp","t_df_code","overdispersed",19891,3.55525012641905,0.001,6,0.000301643959579709,0.301643959579709
2,"disp","chisq","all",51730,3.55525012641905,0.05,4014,0.0775952058766673,1.55190411753335
2,"disp","chisq","all",51730,3.55525012641905,0.01,1292,0.0249758360719118,2.49758360719118
2,"disp","chisq","all",51730,3.55525012641905,0.001,360,0.0069592112893872,6.9592112893872
2,"disp","chisq","meth_10_90",38024,3.55525012641905,0.05,3599,0.0946507468966968,1.89301493793394
2,"disp","chisq","meth_10_90",38024,3.55525012641905,0.01,1232,0.03240058910162,3.240058910162
2,"disp","chisq","meth_10_90",38024,3.55525012641905,0.001,349,0.00917841363349464,9.17841363349464
2,"disp","chisq","overdispersed",19891,3.55525012641905,0.05,2522,0.126791011010005,2.53582022020009
2,"disp","chisq","overdispersed",19891,3.55525012641905,0.01,979,0.0492182394047559,4.92182394047559
2,"disp","chisq","overdispersed",19891,3.55525012641905,0.001,341,0.0171434317027802,17.1434317027802
2,"disp_meth","t_df_paper","all",51730,3.55525012641905,0.05,556,0.0107481152136091,0.214962304272182
2,"disp_meth","t_df_paper","all",51730,3.55525012641905,0.01,41,0.00079257684129132,0.079257684129132
2,"disp_meth","t_df_paper","all",51730,3.55525012641905,0.001,11,0.00021264256717572,0.21264256717572
2,"disp_meth","t_df_paper","meth_10_90",38024,3.55525012641905,0.05,447,0.0117557332211235,0.23511466442247
2,"disp_meth","t_df_paper","meth_10_90",38024,3.55525012641905,0.01,40,0.00105196717862403,0.105196717862403
2,"disp_meth","t_df_paper","meth_10_90",38024,3.55525012641905,0.001,11,0.000289290974121607,0.289290974121607
2,"disp_meth","t_df_paper","overdispersed",19891,3.55525012641905,0.05,350,0.0175958976421497,0.351917952842994
2,"disp_meth","t_df_paper","overdispersed",19891,3.55525012641905,0.01,32,0.00160876778442512,0.160876778442512
2,"disp_meth","t_df_paper","overdispersed",19891,3.55525012641905,0.001,10,0.000502739932632849,0.502739932632849
2,"disp_meth","t_df_code","all",51730,3.55525012641905,0.05,1152,0.0222694761260391,0.445389522520781
2,"disp_meth","t_df_code","all",51730,3.55525012641905,0.01,102,0.00197177653199304,0.197177653199304
2,"disp_meth","t_df_code","all",51730,3.55525012641905,0.001,13,0.00025130485211676,0.25130485211676
2,"disp_meth","t_df_code","meth_10_90",38024,3.55525012641905,0.05,969,0.0254839049021671,0.509678098043341
2,"disp_meth","t_df_code","meth_10_90",38024,3.55525012641905,0.01,92,0.00241952451083526,0.241952451083526
2,"disp_meth","t_df_code","meth_10_90",38024,3.55525012641905,0.001,13,0.000341889333052809,0.341889333052809
2,"disp_meth","t_df_code","overdispersed",19891,3.55525012641905,0.05,740,0.0372027550148308,0.744055100296616
2,"disp_meth","t_df_code","overdispersed",19891,3.55525012641905,0.01,82,0.00412246744758936,0.412246744758936
2,"disp_meth","t_df_code","overdispersed",19891,3.55525012641905,0.001,11,0.000553013925896134,0.553013925896134
2,"disp_meth","chisq","all",51730,3.55525012641905,0.05,3406,0.0658418712545911,1.31683742509182
2,"disp_meth","chisq","all",51730,3.55525012641905,0.01,1019,0.0196984341774599,1.96984341774599
2,"disp_meth","chisq","all",51730,3.55525012641905,0.001,270,0.0052194084670404,5.2194084670404
2,"disp_meth","chisq","meth_10_90",38024,3.55525012641905,0.05,2860,0.0752156532716179,1.50431306543236
2,"disp_meth","chisq","meth_10_90",38024,3.55525012641905,0.01,906,0.0238270565958342,2.38270565958342
2,"disp_meth","chisq","meth_10_90",38024,3.55525012641905,0.001,251,0.00660109404586577,6.60109404586577
2,"disp_meth","chisq","overdispersed",19891,3.55525012641905,0.05,1921,0.0965763410587703,1.93152682117541
2,"disp_meth","chisq","overdispersed",19891,3.55525012641905,0.01,693,0.0348398773314564,3.48398773314564
2,"disp_meth","chisq","overdispersed",19891,3.55525012641905,0.001,229,0.0115127444572922,11.5127444572922
3,"none","t_df_paper","all",59645,4,0.05,651,0.0109145779193562,0.218291558387124
3,"none","t_df_paper","all",59645,4,0.01,31,0.000519741805683628,0.0519741805683628
3,"none","t_df_paper","all",59645,4,0.001,1,1.67658646994719e-05,0.0167658646994719
3,"none","t_df_paper","meth_10_90",43891,4,0.05,603,0.0137385796632567,0.274771593265134
3,"none","t_df_paper","meth_10_90",43891,4,0.01,30,0.000683511426032672,0.0683511426032672
3,"none","t_df_paper","meth_10_90",43891,4,0.001,1,2.27837142010891e-05,0.0227837142010891
3,"none","t_df_paper","overdispersed",22400,4,0.05,514,0.0229464285714286,0.458928571428571
3,"none","t_df_paper","overdispersed",22400,4,0.01,31,0.00138392857142857,0.138392857142857
3,"none","t_df_paper","overdispersed",22400,4,0.001,1,4.46428571428571e-05,0.0446428571428571
3,"none","t_df_code","all",59645,4,0.05,1431,0.0239919523849443,0.479839047698885
3,"none","t_df_code","all",59645,4,0.01,115,0.00192807444043927,0.192807444043927
3,"none","t_df_code","all",59645,4,0.001,7,0.000117361052896303,0.117361052896303
3,"none","t_df_code","meth_10_90",43891,4,0.05,1302,0.029664395889818,0.593287917796359
3,"none","t_df_code","meth_10_90",43891,4,0.01,111,0.00252899227632089,0.252899227632089
3,"none","t_df_code","meth_10_90",43891,4,0.001,7,0.000159485999407623,0.159485999407623
3,"none","t_df_code","overdispersed",22400,4,0.05,1020,0.0455357142857143,0.910714285714286
3,"none","t_df_code","overdispersed",22400,4,0.01,112,0.005,0.5
3,"none","t_df_code","overdispersed",22400,4,0.001,7,0.0003125,0.3125
3,"none","chisq","all",59645,4,0.05,4090,0.06857238662084,1.3714477324168
3,"none","chisq","all",59645,4,0.01,1154,0.0193478078631905,1.93478078631905
3,"none","chisq","all",59645,4,0.001,257,0.00430882722776427,4.30882722776427
3,"none","chisq","meth_10_90",43891,4,0.05,3512,0.0800164042742248,1.6003280854845
3,"none","chisq","meth_10_90",43891,4,0.01,1056,0.0240596021963501,2.40596021963501
3,"none","chisq","meth_10_90",43891,4,0.001,246,0.00560479369346791,5.60479369346791
3,"none","chisq","overdispersed",22400,4,0.05,2460,0.109821428571429,2.19642857142857
3,"none","chisq","overdispersed",22400,4,0.01,843,0.0376339285714286,3.76339285714286
3,"none","chisq","overdispersed",22400,4,0.001,238,0.010625,10.625
3,"disp","t_df_paper","all",59645,6.76388728276063,0.05,1876,0.0314527621762092,0.629055243524185
3,"disp","t_df_paper","all",59645,6.76388728276063,0.01,251,0.00420823203956744,0.420823203956744
3,"disp","t_df_paper","all",59645,6.76388728276063,0.001,30,0.000502975940984156,0.502975940984156
3,"disp","t_df_paper","meth_10_90",43891,6.76388728276063,0.05,1638,0.0373197238613839,0.746394477227678
3,"disp","t_df_paper","meth_10_90",43891,6.76388728276063,0.01,234,0.00533138912305484,0.533138912305484
3,"disp","t_df_paper","meth_10_90",43891,6.76388728276063,0.001,30,0.000683511426032672,0.683511426032672
3,"disp","t_df_paper","overdispersed",22400,6.76388728276063,0.05,1357,0.0605803571428571,1.21160714285714
3,"disp","t_df_paper","overdispersed",22400,6.76388728276063,0.01,227,0.0101339285714286,1.01339285714286
3,"disp","t_df_paper","overdispersed",22400,6.76388728276063,0.001,30,0.00133928571428571,1.33928571428571
3,"disp","t_df_code","all",59645,6.76388728276063,0.05,2357,0.0395171430966552,0.790342861933104
3,"disp","t_df_code","all",59645,6.76388728276063,0.01,353,0.00591835023891357,0.591835023891357
3,"disp","t_df_code","all",59645,6.76388728276063,0.001,45,0.000754463911476234,0.754463911476234
3,"disp","t_df_code","meth_10_90",43891,6.76388728276063,0.05,2059,0.0469116675400424,0.938233350800847
3,"disp","t_df_code","meth_10_90",43891,6.76388728276063,0.01,328,0.00747305825795721,0.747305825795721
3,"disp","t_df_code","meth_10_90",43891,6.76388728276063,0.001,45,0.00102526713904901,1.02526713904901
3,"disp","t_df_code","overdispersed",22400,6.76388728276063,0.05,1658,0.0740178571428571,1.48035714285714
3,"disp","t_df_code","overdispersed",22400,6.76388728276063,0.01,315,0.0140625,1.40625
3,"disp","t_df_code","overdispersed",22400,6.76388728276063,0.001,45,0.00200892857142857,2.00892857142857
3,"disp","chisq","all",59645,6.76388728276063,0.05,4378,0.0734009556542879,1.46801911308576
3,"disp","chisq","all",59645,6.76388728276063,0.01,1345,0.0225500880207897,2.25500880207897
3,"disp","chisq","all",59645,6.76388728276063,0.001,299,0.00501299354514209,5.01299354514209
3,"disp","chisq","meth_10_90",43891,6.76388728276063,0.05,3735,0.0850971725410676,1.70194345082135
3,"disp","chisq","meth_10_90",43891,6.76388728276063,0.01,1228,0.0279784010389374,2.79784010389374
3,"disp","chisq","meth_10_90",43891,6.76388728276063,0.001,289,0.00658449340411474,6.58449340411474
3,"disp","chisq","overdispersed",22400,6.76388728276063,0.05,2736,0.122142857142857,2.44285714285714
3,"disp","chisq","overdispersed",22400,6.76388728276063,0.01,1034,0.0461607142857143,4.61607142857143
3,"disp","chisq","overdispersed",22400,6.76388728276063,0.001,281,0.0125446428571429,12.5446428571429
3,"disp_meth","t_df_paper","all",59645,6.76388728276063,0.05,1383,0.0231871908793696,0.463743817587392
3,"disp_meth","t_df_paper","all",59645,6.76388728276063,0.01,128,0.0021460306815324,0.21460306815324
3,"disp_meth","t_df_paper","all",59645,6.76388728276063,0.001,2,3.35317293989438e-05,0.0335317293989437
3,"disp_meth","t_df_paper","meth_10_90",43891,6.76388728276063,0.05,1119,0.0254949761910187,0.509899523820373
3,"disp_meth","t_df_paper","meth_10_90",43891,6.76388728276063,0.01,107,0.00243785741951653,0.243785741951653
3,"disp_meth","t_df_paper","meth_10_90",43891,6.76388728276063,0.001,2,4.55674284021781e-05,0.0455674284021781
3,"disp_meth","t_df_paper","overdispersed",22400,6.76388728276063,0.05,823,0.0367410714285714,0.734821428571429
3,"disp_meth","t_df_paper","overdispersed",22400,6.76388728276063,0.01,87,0.00388392857142857,0.388392857142857
3,"disp_meth","t_df_paper","overdispersed",22400,6.76388728276063,0.001,2,8.92857142857143e-05,0.0892857142857143
3,"disp_meth","t_df_code","all",59645,6.76388728276063,0.05,1808,0.0303126833766451,0.606253667532903
3,"disp_meth","t_df_code","all",59645,6.76388728276063,0.01,208,0.00348729985749015,0.348729985749015
3,"disp_meth","t_df_code","all",59645,6.76388728276063,0.001,4,6.70634587978875e-05,0.0670634587978875
3,"disp_meth","t_df_code","meth_10_90",43891,6.76388728276063,0.05,1489,0.0339249504454216,0.678499008908432
3,"disp_meth","t_df_code","meth_10_90",43891,6.76388728276063,0.01,176,0.00400993369939168,0.400993369939168
3,"disp_meth","t_df_code","meth_10_90",43891,6.76388728276063,0.001,4,9.11348568043562e-05,0.0911348568043562
3,"disp_meth","t_df_code","overdispersed",22400,6.76388728276063,0.05,1082,0.0483035714285714,0.966071428571429
3,"disp_meth","t_df_code","overdispersed",22400,6.76388728276063,0.01,145,0.00647321428571429,0.647321428571429
3,"disp_meth","t_df_code","overdispersed",22400,6.76388728276063,0.001,4,0.000178571428571429,0.178571428571429
3,"disp_meth","chisq","all",59645,6.76388728276063,0.05,3578,0.0599882638947104,1.19976527789421
3,"disp_meth","chisq","all",59645,6.76388728276063,0.01,981,0.0164473132701819,1.64473132701819
3,"disp_meth","chisq","all",59645,6.76388728276063,0.001,184,0.00308491910470283,3.08491910470283
3,"disp_meth","chisq","meth_10_90",43891,6.76388728276063,0.05,2926,0.0666651477523866,1.33330295504773
3,"disp_meth","chisq","meth_10_90",43891,6.76388728276063,0.01,830,0.0189104827869039,1.89104827869039
3,"disp_meth","chisq","meth_10_90",43891,6.76388728276063,0.001,168,0.00382766398578296,3.82766398578296
3,"disp_meth","chisq","overdispersed",22400,6.76388728276063,0.05,1963,0.0876339285714286,1.75267857142857
3,"disp_meth","chisq","overdispersed",22400,6.76388728276063,0.01,642,0.0286607142857143,2.86607142857143
3,"disp_meth","chisq","overdispersed",22400,6.76388728276063,0.001,153,0.00683035714285714,6.83035714285714
4,"none","t_df_paper","all",60474,6,0.05,1361,0.0225055395707246,0.450110791414492
4,"none","t_df_paper","all",60474,6,0.01,81,0.0013394185931144,0.13394185931144
4,"none","t_df_paper","all",60474,6,0.001,4,6.61441280550319e-05,0.0661441280550319
4,"none","t_df_paper","meth_10_90",44428,6,0.05,1198,0.0269649770415054,0.539299540830107
4,"none","t_df_paper","meth_10_90",44428,6,0.01,80,0.00180066624651121,0.180066624651121
4,"none","t_df_paper","meth_10_90",44428,6,0.001,4,9.00333123255605e-05,0.0900333123255605
4,"none","t_df_paper","overdispersed",22555,6,0.05,924,0.0409665262691199,0.819330525382399
4,"none","t_df_paper","overdispersed",22555,6,0.01,72,0.00319219685213922,0.319219685213922
4,"none","t_df_paper","overdispersed",22555,6,0.001,4,0.00017734426956329,0.17734426956329
4,"none","t_df_code","all",60474,6,0.05,1821,0.0301121142970533,0.602242285941066
4,"none","t_df_code","all",60474,6,0.01,176,0.0029103416344214,0.29103416344214
4,"none","t_df_code","all",60474,6,0.001,6,9.92161920825479e-05,0.0992161920825479
4,"none","t_df_code","meth_10_90",44428,6,0.05,1570,0.0353380750877825,0.70676150175565
4,"none","t_df_code","meth_10_90",44428,6,0.01,167,0.00375889078959215,0.375889078959215
4,"none","t_df_code","meth_10_90",44428,6,0.001,6,0.000135049968488341,0.135049968488341
4,"none","t_df_code","overdispersed",22555,6,0.05,1163,0.0515628463755265,1.03125692751053
4,"none","t_df_code","overdispersed",22555,6,0.01,144,0.00638439370427843,0.638439370427843
4,"none","t_df_code","overdispersed",22555,6,0.001,6,0.000266016404344935,0.266016404344935
4,"none","chisq","all",60474,6,0.05,3750,0.0620101200515924,1.24020240103185
4,"none","chisq","all",60474,6,0.01,1013,0.0167510004299368,1.67510004299368
4,"none","chisq","all",60474,6,0.001,206,0.00340642259483414,3.40642259483414
4,"none","chisq","meth_10_90",44428,6,0.05,3055,0.0687629422886468,1.37525884577294
4,"none","chisq","meth_10_90",44428,6,0.01,902,0.0203025119294139,2.03025119294139
4,"none","chisq","meth_10_90",44428,6,0.001,196,0.00441163230395246,4.41163230395246
4,"none","chisq","overdispersed",22555,6,0.05,2084,0.092396364442474,1.84792728884948
4,"none","chisq","overdispersed",22555,6,0.01,719,0.0318776324540013,3.18776324540013
4,"none","chisq","overdispersed",22555,6,0.001,168,0.00744845932165817,7.44845932165817
4,"disp","t_df_paper","all",60474,11.2133351547944,0.05,2393,0.0395707246089228,0.791414492178457
4,"disp","t_df_paper","all",60474,11.2133351547944,0.01,379,0.00626715613321427,0.626715613321427
4,"disp","t_df_paper","all",60474,11.2133351547944,0.001,39,0.000644905248536561,0.644905248536561
4,"disp","t_df_paper","meth_10_90",44428,11.2133351547944,0.05,1975,0.0444539479607455,0.88907895921491
4,"disp","t_df_paper","meth_10_90",44428,11.2133351547944,0.01,341,0.00767533987575403,0.767533987575403
4,"disp","t_df_paper","meth_10_90",44428,11.2133351547944,0.001,38,0.000855316467092824,0.855316467092824
4,"disp","t_df_paper","overdispersed",22555,11.2133351547944,0.05,1550,0.0687209044557748,1.3744180891155
4,"disp","t_df_paper","overdispersed",22555,11.2133351547944,0.01,319,0.0141432054976724,1.41432054976724
4,"disp","t_df_paper","overdispersed",22555,11.2133351547944,0.001,39,0.00172910662824207,1.72910662824207
4,"disp","t_df_code","all",60474,11.2133351547944,0.05,2646,0.0437543407084036,0.875086814168072
4,"disp","t_df_code","all",60474,11.2133351547944,0.01,468,0.00773886298243873,0.773886298243873
4,"disp","t_df_code","all",60474,11.2133351547944,0.001,50,0.000826801600687899,0.826801600687899
4,"disp","t_df_code","meth_10_90",44428,11.2133351547944,0.05,2182,0.0491131718735932,0.982263437471865
4,"disp","t_df_code","meth_10_90",44428,11.2133351547944,0.01,424,0.00954353110650941,0.954353110650941
4,"disp","t_df_code","meth_10_90",44428,11.2133351547944,0.001,48,0.00108039974790673,1.08039974790673
4,"disp","t_df_code","overdispersed",22555,11.2133351547944,0.05,1679,0.0744402571491909,1.48880514298382
4,"disp","t_df_code","overdispersed",22555,11.2133351547944,0.01,384,0.0170250498780758,1.70250498780758
4,"disp","t_df_code","overdispersed",22555,11.2133351547944,0.001,49,0.0021724673021503,2.1724673021503
4,"disp","chisq","all",60474,11.2133351547944,0.05,4017,0.0664252405992658,1.32850481198532
4,"disp","chisq","all",60474,11.2133351547944,0.01,1143,0.0189006845917254,1.89006845917254
4,"disp","chisq","all",60474,11.2133351547944,0.001,257,0.0042497602275358,4.2497602275358
4,"disp","chisq","meth_10_90",44428,11.2133351547944,0.05,3269,0.0735797244980643,1.47159448996129
4,"disp","chisq","meth_10_90",44428,11.2133351547944,0.01,1021,0.0229810029710993,2.29810029710993
4,"disp","chisq","meth_10_90",44428,11.2133351547944,0.001,242,0.00544701539569641,5.44701539569641
4,"disp","chisq","overdispersed",22555,11.2133351547944,0.05,2364,0.104810463311904,2.09620926623808
4,"disp","chisq","overdispersed",22555,11.2133351547944,0.01,846,0.0375083130126358,3.75083130126358
4,"disp","chisq","overdispersed",22555,11.2133351547944,0.001,222,0.00984260696076258,9.84260696076258
4,"disp_meth","t_df_paper","all",60474,11.2133351547944,0.05,1724,0.0285081191917188,0.570162383834375
4,"disp_meth","t_df_paper","all",60474,11.2133351547944,0.01,193,0.00319145417865529,0.319145417865529
4,"disp_meth","t_df_paper","all",60474,11.2133351547944,0.001,7,0.000115752224096306,0.115752224096306
4,"disp_meth","t_df_paper","meth_10_90",44428,11.2133351547944,0.05,1385,0.0311740343927253,0.623480687854506
4,"disp_meth","t_df_paper","meth_10_90",44428,11.2133351547944,0.01,161,0.00362384082110381,0.362384082110381
4,"disp_meth","t_df_paper","meth_10_90",44428,11.2133351547944,0.001,5,0.000112541640406951,0.112541640406951
4,"disp_meth","t_df_paper","overdispersed",22555,11.2133351547944,0.05,967,0.0428729771669253,0.857459543338506
4,"disp_meth","t_df_paper","overdispersed",22555,11.2133351547944,0.01,123,0.00545333628907116,0.545333628907116
4,"disp_meth","t_df_paper","overdispersed",22555,11.2133351547944,0.001,5,0.000221680336954112,0.221680336954112
4,"disp_meth","t_df_code","all",60474,11.2133351547944,0.05,1959,0.0323940867149519,0.647881734299038
4,"disp_meth","t_df_code","all",60474,11.2133351547944,0.01,257,0.0042497602275358,0.42497602275358
4,"disp_meth","t_df_code","all",60474,11.2133351547944,0.001,11,0.000181896352151338,0.181896352151338
4,"disp_meth","t_df_code","meth_10_90",44428,11.2133351547944,0.05,1585,0.0356757000090033,0.713514000180067
4,"disp_meth","t_df_code","meth_10_90",44428,11.2133351547944,0.01,214,0.00481678220941748,0.481678220941748
4,"disp_meth","t_df_code","meth_10_90",44428,11.2133351547944,0.001,9,0.000202574952732511,0.202574952732511
4,"disp_meth","t_df_code","overdispersed",22555,11.2133351547944,0.05,1089,0.0482819773886056,0.965639547772113
4,"disp_meth","t_df_code","overdispersed",22555,11.2133351547944,0.01,170,0.00753713145643981,0.753713145643981
4,"disp_meth","t_df_code","overdispersed",22555,11.2133351547944,0.001,8,0.000354688539126579,0.354688539126579
4,"disp_meth","chisq","all",60474,11.2133351547944,0.05,3153,0.0521381089393789,1.04276217878758
4,"disp_meth","chisq","all",60474,11.2133351547944,0.01,798,0.0131957535469789,1.31957535469789
4,"disp_meth","chisq","all",60474,11.2133351547944,0.001,111,0.00183549955352714,1.83549955352714
4,"disp_meth","chisq","meth_10_90",44428,11.2133351547944,0.05,2547,0.0573287116233006,1.14657423246601
4,"disp_meth","chisq","meth_10_90",44428,11.2133351547944,0.01,669,0.01505807148645,1.505807148645
4,"disp_meth","chisq","meth_10_90",44428,11.2133351547944,0.001,104,0.00234086612046457,2.34086612046457
4,"disp_meth","chisq","overdispersed",22555,11.2133351547944,0.05,1647,0.0730215029926845,1.46043005985369
4,"disp_meth","chisq","overdispersed",22555,11.2133351547944,0.01,514,0.0227887386388827,2.27887386388827
4,"disp_meth","chisq","overdispersed",22555,11.2133351547944,0.001,88,0.00390157393039237,3.90157393039237
5,"none","t_df_paper","all",78343,7,0.05,1974,0.0251968905964796,0.503937811929592
5,"none","t_df_paper","all",78343,7,0.01,132,0.00168489845933906,0.168489845933906
5,"none","t_df_paper","all",78343,7,0.001,2,2.55287645354403e-05,0.0255287645354403
5,"none","t_df_paper","meth_10_90",57116,7,0.05,1688,0.0295538903284544,0.591077806569087
5,"none","t_df_paper","meth_10_90",57116,7,0.01,126,0.00220603683731354,0.220603683731354
5,"none","t_df_paper","meth_10_90",57116,7,0.001,2,3.50164577351355e-05,0.0350164577351355
5,"none","t_df_paper","overdispersed",28192,7,0.05,1217,0.0431682746878547,0.863365493757094
5,"none","t_df_paper","overdispersed",28192,7,0.01,116,0.00411464245175936,0.411464245175936
5,"none","t_df_paper","overdispersed",28192,7,0.001,2,7.09421112372304e-05,0.0709421112372304
5,"none","t_df_code","all",78343,7,0.05,2549,0.0325364104004187,0.650728208008373
5,"none","t_df_code","all",78343,7,0.01,242,0.00308898050878828,0.308898050878828
5,"none","t_df_code","all",78343,7,0.001,7,8.93506758740411e-05,0.0893506758740411
5,"none","t_df_code","meth_10_90",57116,7,0.05,2161,0.0378352825828139,0.756705651656278
5,"none","t_df_code","meth_10_90",57116,7,0.01,234,0.00409692555501086,0.409692555501086
5,"none","t_df_code","meth_10_90",57116,7,0.001,7,0.000122557602072974,0.122557602072974
5,"none","t_df_code","overdispersed",28192,7,0.05,1532,0.0543416572077185,1.08683314415437
5,"none","t_df_code","overdispersed",28192,7,0.01,207,0.00734250851305335,0.734250851305335
5,"none","t_df_code","overdispersed",28192,7,0.001,7,0.000248297389330306,0.248297389330306
5,"none","chisq","all",78343,7,0.05,4862,0.0620604265856554,1.24120853171311
5,"none","chisq","all",78343,7,0.01,1228,0.0156746614247603,1.56746614247603
5,"none","chisq","all",78343,7,0.001,224,0.00285922162796931,2.85922162796931
5,"none","chisq","meth_10_90",57116,7,0.05,3985,0.0697702920372575,1.39540584074515
5,"none","chisq","meth_10_90",57116,7,0.01,1090,0.0190839694656489,1.90839694656489
5,"none","chisq","meth_10_90",57116,7,0.001,216,0.00378177743539464,3.78177743539464
5,"none","chisq","overdispersed",28192,7,0.05,2626,0.0931469920544835,1.86293984108967
5,"none","chisq","overdispersed",28192,7,0.01,828,0.0293700340522134,2.93700340522134
5,"none","chisq","overdispersed",28192,7,0.001,192,0.00681044267877412,6.81044267877412
5,"disp","t_df_paper","all",78343,13.742099249626,0.05,3367,0.0429776750954138,0.859553501908275
5,"disp","t_df_paper","all",78343,13.742099249626,0.01,569,0.00726293351033277,0.726293351033277
5,"disp","t_df_paper","all",78343,13.742099249626,0.001,64,0.00081692046513409,0.81692046513409
5,"disp","t_df_paper","meth_10_90",57116,13.742099249626,0.05,2773,0.0485503186497654,0.971006372995308
5,"disp","t_df_paper","meth_10_90",57116,13.742099249626,0.01,518,0.0090692625534001,0.90692625534001
5,"disp","t_df_paper","meth_10_90",57116,13.742099249626,0.001,60,0.00105049373205407,1.05049373205407
5,"disp","t_df_paper","overdispersed",28192,13.742099249626,0.05,2111,0.0748793984108967,1.49758796821793
5,"disp","t_df_paper","overdispersed",28192,13.742099249626,0.01,483,0.0171325198637911,1.71325198637911
5,"disp","t_df_paper","overdispersed",28192,13.742099249626,0.001,62,0.00219920544835414,2.19920544835414
5,"disp","t_df_code","all",78343,13.742099249626,0.05,3662,0.0467431678643912,0.934863357287824
5,"disp","t_df_code","all",78343,13.742099249626,0.01,652,0.00832237723855354,0.832237723855354
5,"disp","t_df_code","all",78343,13.742099249626,0.001,78,0.000995621816882172,0.995621816882172
5,"disp","t_df_code","meth_10_90",57116,13.742099249626,0.05,3023,0.0529273758666573,1.05854751733315
5,"disp","t_df_code","meth_10_90",57116,13.742099249626,0.01,595,0.0104173961762028,1.04173961762028
5,"disp","t_df_code","meth_10_90",57116,13.742099249626,0.001,73,0.00127810070733245,1.27810070733245
5,"disp","t_df_code","overdispersed",28192,13.742099249626,0.05,2269,0.0804838251986379,1.60967650397276
5,"disp","t_df_code","overdispersed",28192,13.742099249626,0.01,548,0.0194381384790011,1.94381384790011
5,"disp","t_df_code","overdispersed",28192,13.742099249626,0.001,76,0.00269580022701476,2.69580022701476
5,"disp","chisq","all",78343,13.742099249626,0.05,5272,0.0672938233154207,1.34587646630841
5,"disp","chisq","all",78343,13.742099249626,0.01,1410,0.0179977789974854,1.79977789974854
5,"disp","chisq","all",78343,13.742099249626,0.001,293,0.00373996400444201,3.73996400444201
5,"disp","chisq","meth_10_90",57116,13.742099249626,0.05,4315,0.0755480075635549,1.5109601512711
5,"disp","chisq","meth_10_90",57116,13.742099249626,0.01,1253,0.0219378107710624,2.19378107710624
5,"disp","chisq","meth_10_90",57116,13.742099249626,0.001,277,0.00484977939631627,4.84977939631627
5,"disp","chisq","overdispersed",28192,13.742099249626,0.05,3059,0.108505959137344,2.17011918274688
5,"disp","chisq","overdispersed",28192,13.742099249626,0.01,1031,0.0365706583427923,3.65706583427923
5,"disp","chisq","overdispersed",28192,13.742099249626,0.001,263,0.0093288876276958,9.3288876276958
5,"disp_meth","t_df_paper","all",78343,13.742099249626,0.05,2592,0.0330852788379306,0.661705576758613
5,"disp_meth","t_df_paper","all",78343,13.742099249626,0.01,328,0.00418671738381221,0.418671738381221
5,"disp_meth","t_df_paper","all",78343,13.742099249626,0.001,12,0.000153172587212642,0.153172587212642
5,"disp_meth","t_df_paper","meth_10_90",57116,13.742099249626,0.05,2058,0.0360319350094544,0.720638700189089
5,"disp_meth","t_df_paper","meth_10_90",57116,13.742099249626,0.01,264,0.00462217242103789,0.462217242103789
5,"disp_meth","t_df_paper","meth_10_90",57116,13.742099249626,0.001,7,0.000122557602072974,0.122557602072974
5,"disp_meth","t_df_paper","overdispersed",28192,13.742099249626,0.05,1295,0.0459350170261067,0.918700340522134
5,"disp_meth","t_df_paper","overdispersed",28192,13.742099249626,0.01,188,0.00666855845629966,0.666855845629966
5,"disp_meth","t_df_paper","overdispersed",28192,13.742099249626,0.001,5,0.000177355278093076,0.177355278093076
5,"disp_meth","t_df_code","all",78343,13.742099249626,0.05,2859,0.0364933689034119,0.729867378068238
5,"disp_meth","t_df_code","all",78343,13.742099249626,0.01,390,0.00497810908441086,0.497810908441086
5,"disp_meth","t_df_code","all",78343,13.742099249626,0.001,17,0.000216994498551243,0.216994498551243
5,"disp_meth","t_df_code","meth_10_90",57116,13.742099249626,0.05,2276,0.0398487289025842,0.796974578051684
5,"disp_meth","t_df_code","meth_10_90",57116,13.742099249626,0.01,322,0.00563764969535682,0.563764969535682
5,"disp_meth","t_df_code","meth_10_90",57116,13.742099249626,0.001,12,0.000210098746410813,0.210098746410813
5,"disp_meth","t_df_code","overdispersed",28192,13.742099249626,0.05,1430,0.0507236095346197,1.01447219069239
5,"disp_meth","t_df_code","overdispersed",28192,13.742099249626,0.01,233,0.00826475595913734,0.826475595913734
5,"disp_meth","t_df_code","overdispersed",28192,13.742099249626,0.001,9,0.000319239500567537,0.319239500567537
5,"disp_meth","chisq","all",78343,13.742099249626,0.05,4354,0.0555761203936535,1.11152240787307
5,"disp_meth","chisq","all",78343,13.742099249626,0.01,1015,0.012955848001736,1.2955848001736
5,"disp_meth","chisq","all",78343,13.742099249626,0.001,151,0.00192742172242574,1.92742172242574
5,"disp_meth","chisq","meth_10_90",57116,13.742099249626,0.05,3456,0.0605084389663142,1.21016877932628
5,"disp_meth","chisq","meth_10_90",57116,13.742099249626,0.01,847,0.0148294698508299,1.48294698508299
5,"disp_meth","chisq","meth_10_90",57116,13.742099249626,0.001,133,0.00232859443938651,2.32859443938651
5,"disp_meth","chisq","overdispersed",28192,13.742099249626,0.05,2087,0.0740280930760499,1.480561861521
5,"disp_meth","chisq","overdispersed",28192,13.742099249626,0.01,588,0.0208569807037457,2.08569807037457
5,"disp_meth","chisq","overdispersed",28192,13.742099249626,0.001,100,0.00354710556186152,3.54710556186152
6,"none","t_df_paper","all",79735,9,0.05,2305,0.0289082586066345,0.578165172132689
6,"none","t_df_paper","all",79735,9,0.01,205,0.00257101649213018,0.257101649213018
6,"none","t_df_paper","all",79735,9,0.001,10,0.000125415438640497,0.125415438640497
6,"none","t_df_paper","meth_10_90",58123,9,0.05,1877,0.0322935842953736,0.645871685907472
6,"none","t_df_paper","meth_10_90",58123,9,0.01,189,0.00325172479053043,0.325172479053043
6,"none","t_df_paper","meth_10_90",58123,9,0.001,9,0.000154844037644306,0.154844037644306
6,"none","t_df_paper","overdispersed",28574,9,0.05,1383,0.0484006439420452,0.968012878840904
6,"none","t_df_paper","overdispersed",28574,9,0.01,165,0.00577448029677329,0.577448029677329
6,"none","t_df_paper","overdispersed",28574,9,0.001,10,0.000349968502834745,0.349968502834745
6,"none","t_df_code","all",79735,9,0.05,2735,0.0343011224681758,0.686022449363517
6,"none","t_df_code","all",79735,9,0.01,312,0.0039129616855835,0.39129616855835
6,"none","t_df_code","all",79735,9,0.001,17,0.000213206245688844,0.213206245688844
6,"none","t_df_code","meth_10_90",58123,9,0.05,2220,0.0381948626189288,0.763897252378576
6,"none","t_df_code","meth_10_90",58123,9,0.01,286,0.00492059941847461,0.492059941847461
6,"none","t_df_code","meth_10_90",58123,9,0.001,15,0.000258073396073843,0.258073396073843
6,"none","t_df_code","overdispersed",28574,9,0.05,1592,0.0557149856512914,1.11429971302583
6,"none","t_df_code","overdispersed",28574,9,0.01,247,0.0086442220200182,0.86442220200182
6,"none","t_df_code","overdispersed",28574,9,0.001,17,0.000594946454819066,0.594946454819066
6,"none","chisq","all",79735,9,0.05,4823,0.0604878660563115,1.20975732112623
6,"none","chisq","all",79735,9,0.01,1265,0.0158650529880228,1.58650529880228
6,"none","chisq","all",79735,9,0.001,240,0.00300997052737192,3.00997052737192
6,"none","chisq","meth_10_90",58123,9,0.05,3883,0.0668065997969823,1.33613199593965
6,"none","chisq","meth_10_90",58123,9,0.01,1096,0.0188565628064622,1.88565628064622
6,"none","chisq","meth_10_90",58123,9,0.001,227,0.00390551072725083,3.90551072725083
6,"none","chisq","overdispersed",28574,9,0.05,2560,0.0895919367256947,1.79183873451389
6,"none","chisq","overdispersed",28574,9,0.01,833,0.0291523762861342,2.91523762861342
6,"none","chisq","overdispersed",28574,9,0.001,196,0.006859382655561,6.859382655561
6,"disp","t_df_paper","all",79735,16.5294069803499,0.05,3595,0.0450868501912585,0.901737003825171
6,"disp","t_df_paper","all",79735,16.5294069803499,0.01,671,0.00841537593277733,0.841537593277732
6,"disp","t_df_paper","all",79735,16.5294069803499,0.001,80,0.00100332350912397,1.00332350912397
6,"disp","t_df_paper","meth_10_90",58123,16.5294069803499,0.05,2890,0.0497221409768938,0.994442819537876
6,"disp","t_df_paper","meth_10_90",58123,16.5294069803499,0.01,589,0.0101336820191663,1.01336820191663
6,"disp","t_df_paper","meth_10_90",58123,16.5294069803499,0.001,77,0.0013247767665124,1.3247767665124
6,"disp","t_df_paper","overdispersed",28574,16.5294069803499,0.05,2201,0.0770280674739273,1.54056134947855
6,"disp","t_df_paper","overdispersed",28574,16.5294069803499,0.01,530,0.0185483306502415,1.85483306502415
6,"disp","t_df_paper","overdispersed",28574,16.5294069803499,0.001,76,0.00265976062154406,2.65976062154406
6,"disp","t_df_code","all",79735,16.5294069803499,0.05,3828,0.0480090299115821,0.960180598231642
6,"disp","t_df_code","all",79735,16.5294069803499,0.01,742,0.00930582554712485,0.930582554712485
6,"disp","t_df_code","all",79735,16.5294069803499,0.001,88,0.00110365586003637,1.10365586003637
6,"disp","t_df_code","meth_10_90",58123,16.5294069803499,0.05,3081,0.0530082755535674,1.06016551107135
6,"disp","t_df_code","meth_10_90",58123,16.5294069803499,0.01,649,0.0111659756034616,1.11659756034616
6,"disp","t_df_code","meth_10_90",58123,16.5294069803499,0.001,84,0.00144521101801352,1.44521101801352
6,"disp","t_df_code","overdispersed",28574,16.5294069803499,0.05,2316,0.0810527052565269,1.62105410513054
6,"disp","t_df_code","overdispersed",28574,16.5294069803499,0.01,580,0.0202981731644152,2.02981731644152
6,"disp","t_df_code","overdispersed",28574,16.5294069803499,0.001,83,0.00290473857352838,2.90473857352838
6,"disp","chisq","all",79735,16.5294069803499,0.05,5204,0.0652661942685145,1.30532388537029
6,"disp","chisq","all",79735,16.5294069803499,0.01,1478,0.0185364018310654,1.85364018310654
6,"disp","chisq","all",79735,16.5294069803499,0.001,315,0.00395058631717564,3.95058631717564
6,"disp","chisq","meth_10_90",58123,16.5294069803499,0.05,4165,0.0716583796431705,1.43316759286341
6,"disp","chisq","meth_10_90",58123,16.5294069803499,0.01,1275,0.0219362386662767,2.19362386662767
6,"disp","chisq","meth_10_90",58123,16.5294069803499,0.001,297,0.0051098532422621,5.1098532422621
6,"disp","chisq","overdispersed",28574,16.5294069803499,0.05,2971,0.103975642192203,2.07951284384405
6,"disp","chisq","overdispersed",28574,16.5294069803499,0.01,1046,0.0366067053965143,3.66067053965143
6,"disp","chisq","overdispersed",28574,16.5294069803499,0.001,275,0.00962413382795548,9.62413382795548
6,"disp_meth","t_df_paper","all",79735,16.5294069803499,0.05,2785,0.0349281996613783,0.698563993227566
6,"disp_meth","t_df_paper","all",79735,16.5294069803499,0.01,431,0.00540540540540541,0.540540540540541
6,"disp_meth","t_df_paper","all",79735,16.5294069803499,0.001,42,0.000526744842290086,0.526744842290086
6,"disp_meth","t_df_paper","meth_10_90",58123,16.5294069803499,0.05,2149,0.036973315210846,0.739466304216919
6,"disp_meth","t_df_paper","meth_10_90",58123,16.5294069803499,0.01,358,0.00615935171962906,0.615935171962906
6,"disp_meth","t_df_paper","meth_10_90",58123,16.5294069803499,0.001,32,0.000550556578290866,0.550556578290866
6,"disp_meth","t_df_paper","overdispersed",28574,16.5294069803499,0.05,1377,0.0481906628403444,0.963813256806887
6,"disp_meth","t_df_paper","overdispersed",28574,16.5294069803499,0.01,254,0.00888919997200252,0.888919997200252
6,"disp_meth","t_df_paper","overdispersed",28574,16.5294069803499,0.001,24,0.000839924406803388,0.839924406803388
6,"disp_meth","t_df_code","all",79735,16.5294069803499,0.05,2982,0.0373988838025961,0.747977676051922
6,"disp_meth","t_df_code","all",79735,16.5294069803499,0.01,486,0.00609519031792814,0.609519031792814
6,"disp_meth","t_df_code","all",79735,16.5294069803499,0.001,51,0.000639618737066533,0.639618737066533
6,"disp_meth","t_df_code","meth_10_90",58123,16.5294069803499,0.05,2314,0.0398121225676582,0.796242451353165
6,"disp_meth","t_df_code","meth_10_90",58123,16.5294069803499,0.01,409,0.00703680126628013,0.703680126628013
6,"disp_meth","t_df_code","meth_10_90",58123,16.5294069803499,0.001,36,0.000619376150577224,0.619376150577224
6,"disp_meth","t_df_code","overdispersed",28574,16.5294069803499,0.05,1476,0.0516553510184083,1.03310702036817
6,"disp_meth","t_df_code","overdispersed",28574,16.5294069803499,0.01,292,0.0102190802827746,1.02190802827746
6,"disp_meth","t_df_code","overdispersed",28574,16.5294069803499,0.001,27,0.000944914957653811,0.944914957653811
6,"disp_meth","chisq","all",79735,16.5294069803499,0.05,4228,0.053025647457202,1.06051294914404
6,"disp_meth","chisq","all",79735,16.5294069803499,0.01,1061,0.0133065780397567,1.33065780397567
6,"disp_meth","chisq","all",79735,16.5294069803499,0.001,204,0.00255847494826613,2.55847494826613
6,"disp_meth","chisq","meth_10_90",58123,16.5294069803499,0.05,3308,0.0569137862808183,1.13827572561637
6,"disp_meth","chisq","meth_10_90",58123,16.5294069803499,0.01,875,0.0150542814376409,1.50542814376409
6,"disp_meth","chisq","meth_10_90",58123,16.5294069803499,0.001,179,0.00307967585981453,3.07967585981453
6,"disp_meth","chisq","overdispersed",28574,16.5294069803499,0.05,2045,0.0715685588297053,1.43137117659411
6,"disp_meth","chisq","overdispersed",28574,16.5294069803499,0.01,603,0.0211031007209351,2.11031007209351
6,"disp_meth","chisq","overdispersed",28574,16.5294069803499,0.001,136,0.00475957163855253,4.75957163855253
8,"none","t_df_paper","all",77780,12,0.05,2623,0.0337233221907945,0.674466443815891
8,"none","t_df_paper","all",77780,12,0.01,330,0.0042427359218308,0.42427359218308
8,"none","t_df_paper","all",77780,12,0.001,17,0.00021856518385189,0.21856518385189
8,"none","t_df_paper","meth_10_90",56708,12,0.05,2103,0.0370847146787049,0.741694293574099
8,"none","t_df_paper","meth_10_90",56708,12,0.01,294,0.00518445369260069,0.518445369260069
8,"none","t_df_paper","meth_10_90",56708,12,0.001,16,0.000282147139733371,0.282147139733371
8,"none","t_df_paper","overdispersed",28040,12,0.05,1419,0.0506062767475036,1.01212553495007
8,"none","t_df_paper","overdispersed",28040,12,0.01,238,0.00848787446504993,0.848787446504993
8,"none","t_df_paper","overdispersed",28040,12,0.001,16,0.000570613409415121,0.570613409415121
8,"none","t_df_code","all",77780,12,0.05,2833,0.0364232450501414,0.728464901002828
8,"none","t_df_code","all",77780,12,0.01,396,0.00509128310619697,0.509128310619697
8,"none","t_df_code","all",77780,12,0.001,22,0.000282849061455387,0.282849061455387
8,"none","t_df_code","meth_10_90",56708,12,0.05,2271,0.0400472596459053,0.800945192918107
8,"none","t_df_code","meth_10_90",56708,12,0.01,348,0.00613670028920082,0.613670028920082
8,"none","t_df_code","meth_10_90",56708,12,0.001,21,0.000370318120900049,0.370318120900049
8,"none","t_df_code","overdispersed",28040,12,0.05,1509,0.0538159771754636,1.07631954350927
8,"none","t_df_code","overdispersed",28040,12,0.01,286,0.0101997146932953,1.01997146932953
8,"none","t_df_code","overdispersed",28040,12,0.001,20,0.000713266761768902,0.713266761768902
8,"none","chisq","all",77780,12,0.05,4330,0.0556698380046284,1.11339676009257
8,"none","chisq","all",77780,12,0.01,1069,0.0137438930316277,1.37438930316277
8,"none","chisq","all",77780,12,0.001,167,0.0021470815119568,2.1470815119568
8,"none","chisq","meth_10_90",56708,12,0.05,3420,0.060308951118008,1.20617902236016
8,"none","chisq","meth_10_90",56708,12,0.01,922,0.0162587289271355,1.62587289271355
8,"none","chisq","meth_10_90",56708,12,0.001,152,0.00268039782746702,2.68039782746702
8,"none","chisq","overdispersed",28040,12,0.05,2145,0.0764978601997147,1.52995720399429
8,"none","chisq","overdispersed",28040,12,0.01,668,0.0238231098430813,2.38231098430813
8,"none","chisq","overdispersed",28040,12,0.001,133,0.0047432239657632,4.7432239657632
8,"disp","t_df_paper","all",77780,23.7671476895806,0.05,3579,0.0460143995885832,0.920287991771664
8,"disp","t_df_paper","all",77780,23.7671476895806,0.01,727,0.00934687580354847,0.934687580354847
8,"disp","t_df_paper","all",77780,23.7671476895806,0.001,82,0.00105425559269735,1.05425559269735
8,"disp","t_df_paper","meth_10_90",56708,23.7671476895806,0.05,2845,0.05016928828384,1.0033857656768
8,"disp","t_df_paper","meth_10_90",56708,23.7671476895806,0.01,627,0.0110566410383015,1.10566410383015
8,"disp","t_df_paper","meth_10_90",56708,23.7671476895806,0.001,78,0.00137546730620018,1.37546730620018
8,"disp","t_df_paper","overdispersed",28040,23.7671476895806,0.05,2044,0.0728958630527817,1.45791726105563
8,"disp","t_df_paper","overdispersed",28040,23.7671476895806,0.01,533,0.0190085592011412,1.90085592011412
8,"disp","t_df_paper","overdispersed",28040,23.7671476895806,0.001,80,0.00285306704707561,2.85306704707561
8,"disp","t_df_code","all",77780,23.7671476895806,0.05,3678,0.0472872203651324,0.945744407302648
8,"disp","t_df_code","all",77780,23.7671476895806,0.01,755,0.00970686551812805,0.970686551812805
8,"disp","t_df_code","all",77780,23.7671476895806,0.001,93,0.00119568012342505,1.19568012342505
8,"disp","t_df_code","meth_10_90",56708,23.7671476895806,0.05,2923,0.0515447555900402,1.0308951118008
8,"disp","t_df_code","meth_10_90",56708,23.7671476895806,0.01,653,0.0115151301403682,1.15151301403682
8,"disp","t_df_code","meth_10_90",56708,23.7671476895806,0.001,89,0.00156944346476688,1.56944346476688
8,"disp","t_df_code","overdispersed",28040,23.7671476895806,0.05,2091,0.0745720399429387,1.49144079885877
8,"disp","t_df_code","overdispersed",28040,23.7671476895806,0.01,552,0.0196861626248217,1.96861626248217
8,"disp","t_df_code","overdispersed",28040,23.7671476895806,0.001,89,0.00317403708987161,3.17403708987161
8,"disp","chisq","all",77780,23.7671476895806,0.05,4648,0.0597582926202109,1.19516585240422
8,"disp","chisq","all",77780,23.7671476895806,0.01,1214,0.0156081254821291,1.56081254821291
8,"disp","chisq","all",77780,23.7671476895806,0.001,234,0.00300848547184366,3.00848547184366
8,"disp","chisq","meth_10_90",56708,23.7671476895806,0.05,3677,0.0648409395499753,1.29681879099951
8,"disp","chisq","meth_10_90",56708,23.7671476895806,0.01,1041,0.0183571982789024,1.83571982789024
8,"disp","chisq","meth_10_90",56708,23.7671476895806,0.001,213,0.0037560837977005,3.7560837977005
8,"disp","chisq","overdispersed",28040,23.7671476895806,0.05,2513,0.0896219686162625,1.79243937232525
8,"disp","chisq","overdispersed",28040,23.7671476895806,0.01,828,0.0295292439372325,2.95292439372325
8,"disp","chisq","overdispersed",28040,23.7671476895806,0.001,202,0.00720399429386591,7.20399429386591
8,"disp_meth","t_df_paper","all",77780,23.7671476895806,0.05,3059,0.0393288763178195,0.78657752635639
8,"disp_meth","t_df_paper","all",77780,23.7671476895806,0.01,531,0.00682694780149139,0.682694780149139
8,"disp_meth","t_df_paper","all",77780,23.7671476895806,0.001,23,0.000295705836976086,0.295705836976086
8,"disp_meth","t_df_paper","meth_10_90",56708,23.7671476895806,0.05,2322,0.0409466036538055,0.818932073076109
8,"disp_meth","t_df_paper","meth_10_90",56708,23.7671476895806,0.01,410,0.00723002045566763,0.723002045566763
8,"disp_meth","t_df_paper","meth_10_90",56708,23.7671476895806,0.001,16,0.000282147139733371,0.282147139733371
8,"disp_meth","t_df_paper","overdispersed",28040,23.7671476895806,0.05,1399,0.0498930099857347,0.997860199714693
8,"disp_meth","t_df_paper","overdispersed",28040,23.7671476895806,0.01,260,0.00927246790299572,0.927246790299572
8,"disp_meth","t_df_paper","overdispersed",28040,23.7671476895806,0.001,11,0.000392296718972896,0.392296718972896
8,"disp_meth","t_df_code","all",77780,23.7671476895806,0.05,3153,0.0405374132167652,0.810748264335305
8,"disp_meth","t_df_code","all",77780,23.7671476895806,0.01,555,0.00713551041398817,0.713551041398817
8,"disp_meth","t_df_code","all",77780,23.7671476895806,0.001,29,0.000372846490100283,0.372846490100283
8,"disp_meth","t_df_code","meth_10_90",56708,23.7671476895806,0.05,2397,0.0422691683713056,0.845383367426113
8,"disp_meth","t_df_code","meth_10_90",56708,23.7671476895806,0.01,430,0.00758270438033434,0.758270438033434
8,"disp_meth","t_df_code","meth_10_90",56708,23.7671476895806,0.001,22,0.000387952317133385,0.387952317133385
8,"disp_meth","t_df_code","overdispersed",28040,23.7671476895806,0.05,1433,0.0511055634807418,1.02211126961484
8,"disp_meth","t_df_code","overdispersed",28040,23.7671476895806,0.01,273,0.00973609129814551,0.973609129814551
8,"disp_meth","t_df_code","overdispersed",28040,23.7671476895806,0.001,16,0.000570613409415121,0.570613409415121
8,"disp_meth","chisq","all",77780,23.7671476895806,0.05,4027,0.0517742350218565,1.03548470043713
8,"disp_meth","chisq","all",77780,23.7671476895806,0.01,951,0.0122267935201851,1.22267935201851
8,"disp_meth","chisq","all",77780,23.7671476895806,0.001,145,0.00186423245050141,1.86423245050141
8,"disp_meth","chisq","meth_10_90",56708,23.7671476895806,0.05,3097,0.0546131057346406,1.09226211469281
8,"disp_meth","chisq","meth_10_90",56708,23.7671476895806,0.01,754,0.0132961839599351,1.32961839599351
8,"disp_meth","chisq","meth_10_90",56708,23.7671476895806,0.001,122,0.00215137194046695,2.15137194046695
8,"disp_meth","chisq","overdispersed",28040,23.7671476895806,0.05,1808,0.0644793152639087,1.28958630527817
8,"disp_meth","chisq","overdispersed",28040,23.7671476895806,0.01,491,0.0175106990014265,1.75106990014265
8,"disp_meth","chisq","overdispersed",28040,23.7671476895806,0.001,80,0.00285306704707561,2.85306704707561
10,"none","t_df_paper","all",79735,16,0.05,2936,0.0368219727848498,0.736439455696996
10,"none","t_df_paper","all",79735,16,0.01,399,0.00500407600175582,0.500407600175582
10,"none","t_df_paper","all",79735,16,0.001,17,0.000213206245688844,0.213206245688844
10,"none","t_df_paper","meth_10_90",58123,16,0.05,2322,0.039949761712231,0.798995234244619
10,"none","t_df_paper","meth_10_90",58123,16,0.01,345,0.0059356881096984,0.59356881096984
10,"none","t_df_paper","meth_10_90",58123,16,0.001,15,0.000258073396073843,0.258073396073843
10,"none","t_df_paper","overdispersed",28574,16,0.05,1484,0.0519353258206761,1.03870651641352
10,"none","t_df_paper","overdispersed",28574,16,0.01,268,0.00937915587597116,0.937915587597116
10,"none","t_df_paper","overdispersed",28574,16,0.001,16,0.000559949604535592,0.559949604535592
10,"none","t_df_code","all",79735,16,0.05,3082,0.0386530381890011,0.773060763780021
10,"none","t_df_code","all",79735,16,0.01,453,0.0056813193704145,0.56813193704145
10,"none","t_df_code","all",79735,16,0.001,29,0.00036370477205744,0.36370477205744
10,"none","t_df_code","meth_10_90",58123,16,0.05,2429,0.041790685270891,0.835813705417821
10,"none","t_df_code","meth_10_90",58123,16,0.01,391,0.00672711319099152,0.672711319099152
10,"none","t_df_code","meth_10_90",58123,16,0.001,25,0.000430122326789739,0.430122326789739
10,"none","t_df_code","overdispersed",28574,16,0.05,1545,0.0540701336879681,1.08140267375936
10,"none","t_df_code","overdispersed",28574,16,0.01,298,0.0104290613844754,1.04290613844754
10,"none","t_df_code","overdispersed",28574,16,0.001,25,0.000874921257086862,0.874921257086862
10,"none","chisq","all",79735,16,0.05,4315,0.0541167617733743,1.08233523546749
10,"none","chisq","all",79735,16,0.01,1008,0.0126418762149621,1.26418762149621
10,"none","chisq","all",79735,16,0.001,156,0.00195648084279175,1.95648084279175
10,"none","chisq","meth_10_90",58123,16,0.05,3373,0.0580321043304716,1.16064208660943
10,"none","chisq","meth_10_90",58123,16,0.01,840,0.0144521101801352,1.44521101801352
10,"none","chisq","meth_10_90",58123,16,0.001,140,0.00240868503002254,2.40868503002254
10,"none","chisq","overdispersed",28574,16,0.05,2066,0.0723034926856583,1.44606985371317
10,"none","chisq","overdispersed",28574,16,0.01,578,0.0202281794638483,2.02281794638483
10,"none","chisq","overdispersed",28574,16,0.001,117,0.00409463148316652,4.09463148316652
10,"disp","t_df_paper","all",79735,30.4934489947239,0.05,3762,0.0471812880165548,0.943625760331097
10,"disp","t_df_paper","all",79735,30.4934489947239,0.01,749,0.0093936163541732,0.93936163541732
10,"disp","t_df_paper","all",79735,30.4934489947239,0.001,90,0.00112873894776447,1.12873894776447
10,"disp","t_df_paper","meth_10_90",58123,30.4934489947239,0.05,2940,0.0505823856304733,1.01164771260947
10,"disp","t_df_paper","meth_10_90",58123,30.4934489947239,0.01,639,0.0109939266727457,1.09939266727457
10,"disp","t_df_paper","meth_10_90",58123,30.4934489947239,0.001,82,0.00141080123187034,1.41080123187034
10,"disp","t_df_paper","overdispersed",28574,30.4934489947239,0.05,2059,0.072058514733674,1.44117029467348
10,"disp","t_df_paper","overdispersed",28574,30.4934489947239,0.01,538,0.0188283054525093,1.88283054525093
10,"disp","t_df_paper","overdispersed",28574,30.4934489947239,0.001,83,0.00290473857352838,2.90473857352838
10,"disp","t_df_code","all",79735,30.4934489947239,0.05,3825,0.04797140527999,0.959428105599799
10,"disp","t_df_code","all",79735,30.4934489947239,0.01,774,0.00970715495077444,0.970715495077444
10,"disp","t_df_code","all",79735,30.4934489947239,0.001,98,0.00122907129867687,1.22907129867687
10,"disp","t_df_code","meth_10_90",58123,30.4934489947239,0.05,2992,0.051477040070196,1.02954080140392
10,"disp","t_df_code","meth_10_90",58123,30.4934489947239,0.01,660,0.0113552294272491,1.13552294272491
10,"disp","t_df_code","meth_10_90",58123,30.4934489947239,0.001,88,0.00151403059029988,1.51403059029988
10,"disp","t_df_code","overdispersed",28574,30.4934489947239,0.05,2090,0.0731434170924617,1.46286834184923
10,"disp","t_df_code","overdispersed",28574,30.4934489947239,0.01,551,0.0192832645061944,1.92832645061944
10,"disp","t_df_code","overdispersed",28574,30.4934489947239,0.001,90,0.0031497165255127,3.1497165255127
10,"disp","chisq","all",79735,30.4934489947239,0.05,4614,0.0578666833887252,1.1573336677745
10,"disp","chisq","all",79735,30.4934489947239,0.01,1170,0.0146736063209381,1.46736063209381
10,"disp","chisq","all",79735,30.4934489947239,0.001,224,0.00280930582554712,2.80930582554712
10,"disp","chisq","meth_10_90",58123,30.4934489947239,0.05,3603,0.0619892297369372,1.23978459473874
10,"disp","chisq","meth_10_90",58123,30.4934489947239,0.01,984,0.0169296147824441,1.69296147824441
10,"disp","chisq","meth_10_90",58123,30.4934489947239,0.001,200,0.00344097861431791,3.44097861431791
10,"disp","chisq","overdispersed",28574,30.4934489947239,0.05,2442,0.0854623083922447,1.70924616784489
10,"disp","chisq","overdispersed",28574,30.4934489947239,0.01,767,0.0268425841674249,2.68425841674249
10,"disp","chisq","overdispersed",28574,30.4934489947239,0.001,187,0.00654441100300973,6.54441100300973
10,"disp_meth","t_df_paper","all",79735,30.4934489947239,0.05,2801,0.0351288643632031,0.702577287264062
10,"disp_meth","t_df_paper","all",79735,30.4934489947239,0.01,438,0.00549319621245375,0.549319621245375
10,"disp_meth","t_df_paper","all",79735,30.4934489947239,0.001,31,0.00038878785978554,0.38878785978554
10,"disp_meth","t_df_paper","meth_10_90",58123,30.4934489947239,0.05,2197,0.0377991500782823,0.755983001565645
10,"disp_meth","t_df_paper","meth_10_90",58123,30.4934489947239,0.01,351,0.00603891746812794,0.603891746812794
10,"disp_meth","t_df_paper","meth_10_90",58123,30.4934489947239,0.001,21,0.000361302754503381,0.361302754503381
10,"disp_meth","t_df_paper","overdispersed",28574,30.4934489947239,0.05,1265,0.0442710156085952,0.885420312171905
10,"disp_meth","t_df_paper","overdispersed",28574,30.4934489947239,0.01,230,0.00804927556519913,0.804927556519913
10,"disp_meth","t_df_paper","overdispersed",28574,30.4934489947239,0.001,17,0.000594946454819066,0.594946454819066
10,"disp_meth","t_df_code","all",79735,30.4934489947239,0.05,2860,0.035868815451182,0.717376309023641
10,"disp_meth","t_df_code","all",79735,30.4934489947239,0.01,459,0.0057565686335988,0.57565686335988
10,"disp_meth","t_df_code","all",79735,30.4934489947239,0.001,36,0.000451495579105788,0.451495579105788
10,"disp_meth","t_df_code","meth_10_90",58123,30.4934489947239,0.05,2247,0.0386593947318617,0.773187894637235
10,"disp_meth","t_df_code","meth_10_90",58123,30.4934489947239,0.01,366,0.00629699086420178,0.629699086420178
10,"disp_meth","t_df_code","meth_10_90",58123,30.4934489947239,0.001,24,0.000412917433718149,0.412917433718149
10,"disp_meth","t_df_code","overdispersed",28574,30.4934489947239,0.05,1293,0.0452509274165325,0.90501854833065
10,"disp_meth","t_df_code","overdispersed",28574,30.4934489947239,0.01,237,0.00829425351718345,0.829425351718345
10,"disp_meth","t_df_code","overdispersed",28574,30.4934489947239,0.001,21,0.000734933855952964,0.734933855952964
10,"disp_meth","chisq","all",79735,30.4934489947239,0.05,3579,0.0448861854894338,0.897723709788675
10,"disp_meth","chisq","all",79735,30.4934489947239,0.01,784,0.00983257038941494,0.983257038941494
10,"disp_meth","chisq","all",79735,30.4934489947239,0.001,120,0.00150498526368596,1.50498526368596
10,"disp_meth","chisq","meth_10_90",58123,30.4934489947239,0.05,2803,0.0482253152796655,0.964506305593311
10,"disp_meth","chisq","meth_10_90",58123,30.4934489947239,0.01,648,0.01114877071039,1.114877071039
10,"disp_meth","chisq","meth_10_90",58123,30.4934489947239,0.001,94,0.00161725994872942,1.61725994872942
10,"disp_meth","chisq","overdispersed",28574,30.4934489947239,0.05,1597,0.0558899699027088,1.11779939805418
10,"disp_meth","chisq","overdispersed",28574,30.4934489947239,0.01,398,0.0139287464128228,1.39287464128228
10,"disp_meth","chisq","overdispersed",28574,30.4934489947239,0.001,67,0.00234478896899279,2.34478896899279
